-- MySQL dump 10.13  Distrib 8.0.39, for Win64 (x86_64)
--
-- Host: localhost    Database: Conaldex_Boyaca
-- ------------------------------------------------------
-- Server version	8.0.39

/*!40101 SET @OLD_CHARACTER_SET_CLIENT=@@CHARACTER_SET_CLIENT */;
/*!40101 SET @OLD_CHARACTER_SET_RESULTS=@@CHARACTER_SET_RESULTS */;
/*!40101 SET @OLD_COLLATION_CONNECTION=@@COLLATION_CONNECTION */;
/*!50503 SET NAMES utf8mb4 */;
/*!40103 SET @OLD_TIME_ZONE=@@TIME_ZONE */;
/*!40103 SET TIME_ZONE='+00:00' */;
/*!40014 SET @OLD_UNIQUE_CHECKS=@@UNIQUE_CHECKS, UNIQUE_CHECKS=0 */;
/*!40014 SET @OLD_FOREIGN_KEY_CHECKS=@@FOREIGN_KEY_CHECKS, FOREIGN_KEY_CHECKS=0 */;
/*!40101 SET @OLD_SQL_MODE=@@SQL_MODE, SQL_MODE='NO_AUTO_VALUE_ON_ZERO' */;
/*!40111 SET @OLD_SQL_NOTES=@@SQL_NOTES, SQL_NOTES=0 */;

--
-- Table structure for table `auth_group`
--

DROP TABLE IF EXISTS `auth_group`;
/*!40101 SET @saved_cs_client     = @@character_set_client */;
/*!50503 SET character_set_client = utf8mb4 */;
CREATE TABLE `auth_group` (
  `id` int NOT NULL AUTO_INCREMENT,
  `name` varchar(150) NOT NULL,
  PRIMARY KEY (`id`),
  UNIQUE KEY `name` (`name`)
) ENGINE=InnoDB DEFAULT CHARSET=utf8mb4 COLLATE=utf8mb4_0900_ai_ci;
/*!40101 SET character_set_client = @saved_cs_client */;

--
-- Dumping data for table `auth_group`
--

LOCK TABLES `auth_group` WRITE;
/*!40000 ALTER TABLE `auth_group` DISABLE KEYS */;
/*!40000 ALTER TABLE `auth_group` ENABLE KEYS */;
UNLOCK TABLES;

--
-- Table structure for table `auth_group_permissions`
--

DROP TABLE IF EXISTS `auth_group_permissions`;
/*!40101 SET @saved_cs_client     = @@character_set_client */;
/*!50503 SET character_set_client = utf8mb4 */;
CREATE TABLE `auth_group_permissions` (
  `id` bigint NOT NULL AUTO_INCREMENT,
  `group_id` int NOT NULL,
  `permission_id` int NOT NULL,
  PRIMARY KEY (`id`),
  UNIQUE KEY `auth_group_permissions_group_id_permission_id_0cd325b0_uniq` (`group_id`,`permission_id`),
  KEY `auth_group_permissio_permission_id_84c5c92e_fk_auth_perm` (`permission_id`),
  CONSTRAINT `auth_group_permissio_permission_id_84c5c92e_fk_auth_perm` FOREIGN KEY (`permission_id`) REFERENCES `auth_permission` (`id`),
  CONSTRAINT `auth_group_permissions_group_id_b120cbf9_fk_auth_group_id` FOREIGN KEY (`group_id`) REFERENCES `auth_group` (`id`)
) ENGINE=InnoDB DEFAULT CHARSET=utf8mb4 COLLATE=utf8mb4_0900_ai_ci;
/*!40101 SET character_set_client = @saved_cs_client */;

--
-- Dumping data for table `auth_group_permissions`
--

LOCK TABLES `auth_group_permissions` WRITE;
/*!40000 ALTER TABLE `auth_group_permissions` DISABLE KEYS */;
/*!40000 ALTER TABLE `auth_group_permissions` ENABLE KEYS */;
UNLOCK TABLES;

--
-- Table structure for table `auth_permission`
--

DROP TABLE IF EXISTS `auth_permission`;
/*!40101 SET @saved_cs_client     = @@character_set_client */;
/*!50503 SET character_set_client = utf8mb4 */;
CREATE TABLE `auth_permission` (
  `id` int NOT NULL AUTO_INCREMENT,
  `name` varchar(255) NOT NULL,
  `content_type_id` int NOT NULL,
  `codename` varchar(100) NOT NULL,
  PRIMARY KEY (`id`),
  UNIQUE KEY `auth_permission_content_type_id_codename_01ab375a_uniq` (`content_type_id`,`codename`),
  CONSTRAINT `auth_permission_content_type_id_2f476e4b_fk_django_co` FOREIGN KEY (`content_type_id`) REFERENCES `django_content_type` (`id`)
) ENGINE=InnoDB AUTO_INCREMENT=77 DEFAULT CHARSET=utf8mb4 COLLATE=utf8mb4_0900_ai_ci;
/*!40101 SET character_set_client = @saved_cs_client */;

--
-- Dumping data for table `auth_permission`
--

LOCK TABLES `auth_permission` WRITE;
/*!40000 ALTER TABLE `auth_permission` DISABLE KEYS */;
INSERT INTO `auth_permission` VALUES (1,'Can add log entry',1,'add_logentry'),(2,'Can change log entry',1,'change_logentry'),(3,'Can delete log entry',1,'delete_logentry'),(4,'Can view log entry',1,'view_logentry'),(5,'Can add permission',2,'add_permission'),(6,'Can change permission',2,'change_permission'),(7,'Can delete permission',2,'delete_permission'),(8,'Can view permission',2,'view_permission'),(9,'Can add group',3,'add_group'),(10,'Can change group',3,'change_group'),(11,'Can delete group',3,'delete_group'),(12,'Can view group',3,'view_group'),(13,'Can add user',4,'add_user'),(14,'Can change user',4,'change_user'),(15,'Can delete user',4,'delete_user'),(16,'Can view user',4,'view_user'),(17,'Can add content type',5,'add_contenttype'),(18,'Can change content type',5,'change_contenttype'),(19,'Can delete content type',5,'delete_contenttype'),(20,'Can view content type',5,'view_contenttype'),(21,'Can add session',6,'add_session'),(22,'Can change session',6,'change_session'),(23,'Can delete session',6,'delete_session'),(24,'Can view session',6,'view_session'),(25,'Can add Categoria',7,'add_categoria'),(26,'Can change Categoria',7,'change_categoria'),(27,'Can delete Categoria',7,'delete_categoria'),(28,'Can view Categoria',7,'view_categoria'),(29,'Can add Departamento',8,'add_departamentos'),(30,'Can change Departamento',8,'change_departamentos'),(31,'Can delete Departamento',8,'delete_departamentos'),(32,'Can view Departamento',8,'view_departamentos'),(33,'Can add Proveedor',9,'add_proveedor'),(34,'Can change Proveedor',9,'change_proveedor'),(35,'Can delete Proveedor',9,'delete_proveedor'),(36,'Can view Proveedor',9,'view_proveedor'),(37,'Can add Tipo',10,'add_tipo'),(38,'Can change Tipo',10,'change_tipo'),(39,'Can delete Tipo',10,'delete_tipo'),(40,'Can view Tipo',10,'view_tipo'),(41,'Can add Municipio',11,'add_municipios'),(42,'Can change Municipio',11,'change_municipios'),(43,'Can delete Municipio',11,'delete_municipios'),(44,'Can view Municipio',11,'view_municipios'),(45,'Can add Producto',12,'add_producto'),(46,'Can change Producto',12,'change_producto'),(47,'Can delete Producto',12,'delete_producto'),(48,'Can view Producto',12,'view_producto'),(49,'Can add Normativa',13,'add_normativa'),(50,'Can change Normativa',13,'change_normativa'),(51,'Can delete Normativa',13,'delete_normativa'),(52,'Can view Normativa',13,'view_normativa'),(53,'Can add Compras',14,'add_compras'),(54,'Can change Compras',14,'change_compras'),(55,'Can delete Compras',14,'delete_compras'),(56,'Can view Compras',14,'view_compras'),(57,'Can add Stock',15,'add_stock'),(58,'Can change Stock',15,'change_stock'),(59,'Can delete Stock',15,'delete_stock'),(60,'Can view Stock',15,'view_stock'),(61,'Can add Ubicaci贸n',16,'add_ubicacion'),(62,'Can change Ubicaci贸n',16,'change_ubicacion'),(63,'Can delete Ubicaci贸n',16,'delete_ubicacion'),(64,'Can view Ubicaci贸n',16,'view_ubicacion'),(65,'Can add Cliente',17,'add_cliente'),(66,'Can change Cliente',17,'change_cliente'),(67,'Can delete Cliente',17,'delete_cliente'),(68,'Can view Cliente',17,'view_cliente'),(69,'Can add Usuario',18,'add_usuario'),(70,'Can change Usuario',18,'change_usuario'),(71,'Can delete Usuario',18,'delete_usuario'),(72,'Can view Usuario',18,'view_usuario'),(73,'Can add Venta',19,'add_venta'),(74,'Can change Venta',19,'change_venta'),(75,'Can delete Venta',19,'delete_venta'),(76,'Can view Venta',19,'view_venta');
/*!40000 ALTER TABLE `auth_permission` ENABLE KEYS */;
UNLOCK TABLES;

--
-- Table structure for table `auth_user`
--

DROP TABLE IF EXISTS `auth_user`;
/*!40101 SET @saved_cs_client     = @@character_set_client */;
/*!50503 SET character_set_client = utf8mb4 */;
CREATE TABLE `auth_user` (
  `id` int NOT NULL AUTO_INCREMENT,
  `password` varchar(128) NOT NULL,
  `last_login` datetime(6) DEFAULT NULL,
  `is_superuser` tinyint(1) NOT NULL,
  `username` varchar(150) NOT NULL,
  `first_name` varchar(150) NOT NULL,
  `last_name` varchar(150) NOT NULL,
  `email` varchar(254) NOT NULL,
  `is_staff` tinyint(1) NOT NULL,
  `is_active` tinyint(1) NOT NULL,
  `date_joined` datetime(6) NOT NULL,
  PRIMARY KEY (`id`),
  UNIQUE KEY `username` (`username`)
) ENGINE=InnoDB AUTO_INCREMENT=3 DEFAULT CHARSET=utf8mb4 COLLATE=utf8mb4_0900_ai_ci;
/*!40101 SET character_set_client = @saved_cs_client */;

--
-- Dumping data for table `auth_user`
--

LOCK TABLES `auth_user` WRITE;
/*!40000 ALTER TABLE `auth_user` DISABLE KEYS */;
INSERT INTO `auth_user` VALUES (2,'pbkdf2_sha256$870000$Ac6BwUl2l6RdeRjBBIq9NY$gQOMiSB1up3rQkUhGf60pw7dcqk9NkU6utxkh9NESSI=','2024-09-10 19:49:50.563538',1,'Rudama','','','dario564@hotmail.es',1,1,'2024-09-10 19:48:31.310629');
/*!40000 ALTER TABLE `auth_user` ENABLE KEYS */;
UNLOCK TABLES;

--
-- Table structure for table `auth_user_groups`
--

DROP TABLE IF EXISTS `auth_user_groups`;
/*!40101 SET @saved_cs_client     = @@character_set_client */;
/*!50503 SET character_set_client = utf8mb4 */;
CREATE TABLE `auth_user_groups` (
  `id` bigint NOT NULL AUTO_INCREMENT,
  `user_id` int NOT NULL,
  `group_id` int NOT NULL,
  PRIMARY KEY (`id`),
  UNIQUE KEY `auth_user_groups_user_id_group_id_94350c0c_uniq` (`user_id`,`group_id`),
  KEY `auth_user_groups_group_id_97559544_fk_auth_group_id` (`group_id`),
  CONSTRAINT `auth_user_groups_group_id_97559544_fk_auth_group_id` FOREIGN KEY (`group_id`) REFERENCES `auth_group` (`id`),
  CONSTRAINT `auth_user_groups_user_id_6a12ed8b_fk_auth_user_id` FOREIGN KEY (`user_id`) REFERENCES `auth_user` (`id`)
) ENGINE=InnoDB DEFAULT CHARSET=utf8mb4 COLLATE=utf8mb4_0900_ai_ci;
/*!40101 SET character_set_client = @saved_cs_client */;

--
-- Dumping data for table `auth_user_groups`
--

LOCK TABLES `auth_user_groups` WRITE;
/*!40000 ALTER TABLE `auth_user_groups` DISABLE KEYS */;
/*!40000 ALTER TABLE `auth_user_groups` ENABLE KEYS */;
UNLOCK TABLES;

--
-- Table structure for table `auth_user_user_permissions`
--

DROP TABLE IF EXISTS `auth_user_user_permissions`;
/*!40101 SET @saved_cs_client     = @@character_set_client */;
/*!50503 SET character_set_client = utf8mb4 */;
CREATE TABLE `auth_user_user_permissions` (
  `id` bigint NOT NULL AUTO_INCREMENT,
  `user_id` int NOT NULL,
  `permission_id` int NOT NULL,
  PRIMARY KEY (`id`),
  UNIQUE KEY `auth_user_user_permissions_user_id_permission_id_14a6b632_uniq` (`user_id`,`permission_id`),
  KEY `auth_user_user_permi_permission_id_1fbb5f2c_fk_auth_perm` (`permission_id`),
  CONSTRAINT `auth_user_user_permi_permission_id_1fbb5f2c_fk_auth_perm` FOREIGN KEY (`permission_id`) REFERENCES `auth_permission` (`id`),
  CONSTRAINT `auth_user_user_permissions_user_id_a95ead1b_fk_auth_user_id` FOREIGN KEY (`user_id`) REFERENCES `auth_user` (`id`)
) ENGINE=InnoDB DEFAULT CHARSET=utf8mb4 COLLATE=utf8mb4_0900_ai_ci;
/*!40101 SET character_set_client = @saved_cs_client */;

--
-- Dumping data for table `auth_user_user_permissions`
--

LOCK TABLES `auth_user_user_permissions` WRITE;
/*!40000 ALTER TABLE `auth_user_user_permissions` DISABLE KEYS */;
/*!40000 ALTER TABLE `auth_user_user_permissions` ENABLE KEYS */;
UNLOCK TABLES;

--
-- Table structure for table `categoria`
--

DROP TABLE IF EXISTS `categoria`;
/*!40101 SET @saved_cs_client     = @@character_set_client */;
/*!50503 SET character_set_client = utf8mb4 */;
CREATE TABLE `categoria` (
  `id` bigint NOT NULL AUTO_INCREMENT,
  `nombre` varchar(50) NOT NULL,
  `descripcion` varchar(200) DEFAULT NULL,
  PRIMARY KEY (`id`),
  UNIQUE KEY `nombre` (`nombre`)
) ENGINE=InnoDB DEFAULT CHARSET=utf8mb4 COLLATE=utf8mb4_0900_ai_ci;
/*!40101 SET character_set_client = @saved_cs_client */;

--
-- Dumping data for table `categoria`
--

LOCK TABLES `categoria` WRITE;
/*!40000 ALTER TABLE `categoria` DISABLE KEYS */;
/*!40000 ALTER TABLE `categoria` ENABLE KEYS */;
UNLOCK TABLES;

--
-- Table structure for table `cliente`
--

DROP TABLE IF EXISTS `cliente`;
/*!40101 SET @saved_cs_client     = @@character_set_client */;
/*!50503 SET character_set_client = utf8mb4 */;
CREATE TABLE `cliente` (
  `id` bigint NOT NULL AUTO_INCREMENT,
  `tipo_persona` varchar(2) NOT NULL,
  `nombres` varchar(100) DEFAULT NULL,
  `razon_social` varchar(150) DEFAULT NULL,
  `tipo_documento` varchar(3) NOT NULL,
  `numero_documento` varchar(10) DEFAULT NULL,
  `correo` varchar(50) NOT NULL,
  `telefono` varchar(10) DEFAULT NULL,
  `direccion` varchar(50) DEFAULT NULL,
  `ciudad_id` bigint NOT NULL,
  PRIMARY KEY (`id`),
  KEY `Cliente_ciudad_id_23172d5a_fk_ubicacion_id` (`ciudad_id`),
  CONSTRAINT `Cliente_ciudad_id_23172d5a_fk_ubicacion_id` FOREIGN KEY (`ciudad_id`) REFERENCES `ubicacion` (`id`)
) ENGINE=InnoDB DEFAULT CHARSET=utf8mb4 COLLATE=utf8mb4_0900_ai_ci;
/*!40101 SET character_set_client = @saved_cs_client */;

--
-- Dumping data for table `cliente`
--

LOCK TABLES `cliente` WRITE;
/*!40000 ALTER TABLE `cliente` DISABLE KEYS */;
/*!40000 ALTER TABLE `cliente` ENABLE KEYS */;
UNLOCK TABLES;

--
-- Table structure for table `compras`
--

DROP TABLE IF EXISTS `compras`;
/*!40101 SET @saved_cs_client     = @@character_set_client */;
/*!50503 SET character_set_client = utf8mb4 */;
CREATE TABLE `compras` (
  `id` bigint NOT NULL AUTO_INCREMENT,
  `num_factura` varchar(20) NOT NULL,
  `fecha_compra` datetime(6) NOT NULL,
  `cantidad` int NOT NULL,
  `precio` int NOT NULL,
  `iva` int unsigned NOT NULL,
  `total` int NOT NULL,
  `producto_id` bigint NOT NULL,
  `proveedor_id` bigint NOT NULL,
  PRIMARY KEY (`id`),
  KEY `Compras_producto_id_4fcdff56_fk_Producto_id` (`producto_id`),
  KEY `Compras_proveedor_id_f5416bdf_fk_Proveedor_id` (`proveedor_id`),
  CONSTRAINT `Compras_producto_id_4fcdff56_fk_Producto_id` FOREIGN KEY (`producto_id`) REFERENCES `producto` (`id`),
  CONSTRAINT `Compras_proveedor_id_f5416bdf_fk_Proveedor_id` FOREIGN KEY (`proveedor_id`) REFERENCES `proveedor` (`id`),
  CONSTRAINT `compras_chk_1` CHECK ((`iva` >= 0))
) ENGINE=InnoDB DEFAULT CHARSET=utf8mb4 COLLATE=utf8mb4_0900_ai_ci;
/*!40101 SET character_set_client = @saved_cs_client */;

--
-- Dumping data for table `compras`
--

LOCK TABLES `compras` WRITE;
/*!40000 ALTER TABLE `compras` DISABLE KEYS */;
/*!40000 ALTER TABLE `compras` ENABLE KEYS */;
UNLOCK TABLES;

--
-- Table structure for table `departamentos`
--

DROP TABLE IF EXISTS `departamentos`;
/*!40101 SET @saved_cs_client     = @@character_set_client */;
/*!50503 SET character_set_client = utf8mb4 */;
CREATE TABLE `departamentos` (
  `id` bigint NOT NULL AUTO_INCREMENT,
  `nombre` varchar(50) NOT NULL,
  PRIMARY KEY (`id`)
) ENGINE=InnoDB DEFAULT CHARSET=utf8mb4 COLLATE=utf8mb4_0900_ai_ci;
/*!40101 SET character_set_client = @saved_cs_client */;

--
-- Dumping data for table `departamentos`
--

LOCK TABLES `departamentos` WRITE;
/*!40000 ALTER TABLE `departamentos` DISABLE KEYS */;
/*!40000 ALTER TABLE `departamentos` ENABLE KEYS */;
UNLOCK TABLES;

--
-- Table structure for table `django_admin_log`
--

DROP TABLE IF EXISTS `django_admin_log`;
/*!40101 SET @saved_cs_client     = @@character_set_client */;
/*!50503 SET character_set_client = utf8mb4 */;
CREATE TABLE `django_admin_log` (
  `id` int NOT NULL AUTO_INCREMENT,
  `action_time` datetime(6) NOT NULL,
  `object_id` longtext,
  `object_repr` varchar(200) NOT NULL,
  `action_flag` smallint unsigned NOT NULL,
  `change_message` longtext NOT NULL,
  `content_type_id` int DEFAULT NULL,
  `user_id` int NOT NULL,
  PRIMARY KEY (`id`),
  KEY `django_admin_log_content_type_id_c4bce8eb_fk_django_co` (`content_type_id`),
  KEY `django_admin_log_user_id_c564eba6_fk_auth_user_id` (`user_id`),
  CONSTRAINT `django_admin_log_content_type_id_c4bce8eb_fk_django_co` FOREIGN KEY (`content_type_id`) REFERENCES `django_content_type` (`id`),
  CONSTRAINT `django_admin_log_user_id_c564eba6_fk_auth_user_id` FOREIGN KEY (`user_id`) REFERENCES `auth_user` (`id`),
  CONSTRAINT `django_admin_log_chk_1` CHECK ((`action_flag` >= 0))
) ENGINE=InnoDB DEFAULT CHARSET=utf8mb4 COLLATE=utf8mb4_0900_ai_ci;
/*!40101 SET character_set_client = @saved_cs_client */;

--
-- Dumping data for table `django_admin_log`
--

LOCK TABLES `django_admin_log` WRITE;
/*!40000 ALTER TABLE `django_admin_log` DISABLE KEYS */;
/*!40000 ALTER TABLE `django_admin_log` ENABLE KEYS */;
UNLOCK TABLES;

--
-- Table structure for table `django_content_type`
--

DROP TABLE IF EXISTS `django_content_type`;
/*!40101 SET @saved_cs_client     = @@character_set_client */;
/*!50503 SET character_set_client = utf8mb4 */;
CREATE TABLE `django_content_type` (
  `id` int NOT NULL AUTO_INCREMENT,
  `app_label` varchar(100) NOT NULL,
  `model` varchar(100) NOT NULL,
  PRIMARY KEY (`id`),
  UNIQUE KEY `django_content_type_app_label_model_76bd3d3b_uniq` (`app_label`,`model`)
) ENGINE=InnoDB AUTO_INCREMENT=20 DEFAULT CHARSET=utf8mb4 COLLATE=utf8mb4_0900_ai_ci;
/*!40101 SET character_set_client = @saved_cs_client */;

--
-- Dumping data for table `django_content_type`
--

LOCK TABLES `django_content_type` WRITE;
/*!40000 ALTER TABLE `django_content_type` DISABLE KEYS */;
INSERT INTO `django_content_type` VALUES (1,'admin','logentry'),(7,'app','categoria'),(17,'app','cliente'),(14,'app','compras'),(8,'app','departamentos'),(11,'app','municipios'),(13,'app','normativa'),(12,'app','producto'),(9,'app','proveedor'),(15,'app','stock'),(10,'app','tipo'),(16,'app','ubicacion'),(18,'app','usuario'),(19,'app','venta'),(3,'auth','group'),(2,'auth','permission'),(4,'auth','user'),(5,'contenttypes','contenttype'),(6,'sessions','session');
/*!40000 ALTER TABLE `django_content_type` ENABLE KEYS */;
UNLOCK TABLES;

--
-- Table structure for table `django_migrations`
--

DROP TABLE IF EXISTS `django_migrations`;
/*!40101 SET @saved_cs_client     = @@character_set_client */;
/*!50503 SET character_set_client = utf8mb4 */;
CREATE TABLE `django_migrations` (
  `id` bigint NOT NULL AUTO_INCREMENT,
  `app` varchar(255) NOT NULL,
  `name` varchar(255) NOT NULL,
  `applied` datetime(6) NOT NULL,
  PRIMARY KEY (`id`)
) ENGINE=InnoDB AUTO_INCREMENT=22 DEFAULT CHARSET=utf8mb4 COLLATE=utf8mb4_0900_ai_ci;
/*!40101 SET character_set_client = @saved_cs_client */;

--
-- Dumping data for table `django_migrations`
--

LOCK TABLES `django_migrations` WRITE;
/*!40000 ALTER TABLE `django_migrations` DISABLE KEYS */;
INSERT INTO `django_migrations` VALUES (1,'contenttypes','0001_initial','2024-09-10 19:31:24.943211'),(2,'auth','0001_initial','2024-09-10 19:31:25.404572'),(3,'admin','0001_initial','2024-09-10 19:31:25.534891'),(4,'admin','0002_logentry_remove_auto_add','2024-09-10 19:31:25.544526'),(5,'admin','0003_logentry_add_action_flag_choices','2024-09-10 19:31:25.544526'),(6,'app','0001_initial','2024-09-10 19:31:26.422772'),(7,'contenttypes','0002_remove_content_type_name','2024-09-10 19:31:26.494856'),(8,'auth','0002_alter_permission_name_max_length','2024-09-10 19:31:26.544968'),(9,'auth','0003_alter_user_email_max_length','2024-09-10 19:31:26.566469'),(10,'auth','0004_alter_user_username_opts','2024-09-10 19:31:26.578016'),(11,'auth','0005_alter_user_last_login_null','2024-09-10 19:31:26.628835'),(12,'auth','0006_require_contenttypes_0002','2024-09-10 19:31:26.630814'),(13,'auth','0007_alter_validators_add_error_messages','2024-09-10 19:31:26.631827'),(14,'auth','0008_alter_user_username_max_length','2024-09-10 19:31:26.681750'),(15,'auth','0009_alter_user_last_name_max_length','2024-09-10 19:31:26.744824'),(16,'auth','0010_alter_group_name_max_length','2024-09-10 19:31:26.773217'),(17,'auth','0011_update_proxy_permissions','2024-09-10 19:31:26.786593'),(18,'auth','0012_alter_user_first_name_max_length','2024-09-10 19:31:26.843021'),(19,'inicio','0001_initial','2024-09-10 19:31:26.862189'),(20,'inicio','0002_delete_csrftoken','2024-09-10 19:31:26.866126'),(21,'sessions','0001_initial','2024-09-10 19:31:26.899943');
/*!40000 ALTER TABLE `django_migrations` ENABLE KEYS */;
UNLOCK TABLES;

--
-- Table structure for table `django_session`
--

DROP TABLE IF EXISTS `django_session`;
/*!40101 SET @saved_cs_client     = @@character_set_client */;
/*!50503 SET character_set_client = utf8mb4 */;
CREATE TABLE `django_session` (
  `session_key` varchar(40) NOT NULL,
  `session_data` longtext NOT NULL,
  `expire_date` datetime(6) NOT NULL,
  PRIMARY KEY (`session_key`),
  KEY `django_session_expire_date_a5c62663` (`expire_date`)
) ENGINE=InnoDB DEFAULT CHARSET=utf8mb4 COLLATE=utf8mb4_0900_ai_ci;
/*!40101 SET character_set_client = @saved_cs_client */;

--
-- Dumping data for table `django_session`
--

LOCK TABLES `django_session` WRITE;
/*!40000 ALTER TABLE `django_session` DISABLE KEYS */;
INSERT INTO `django_session` VALUES ('h9lksrzvr16yzm7pa650wfw55go8h3ba','e30:1so6pd:D7C2fAdk2z16_HsUgoozVwjS5tgud2R-k1elaxKj594','2024-09-24 19:47:21.107698'),('n7ny5o212mrtdcmiy8555xw0egf2ok5o','.eJxVjMsOwiAQRf-FtSEDpTi4dN9vIDMwSNXQpI-V8d-1SRe6veec-1KRtrXGbZE5jlldlFWn340pPaTtIN-p3SadprbOI-td0Qdd9DBleV4P9--g0lK_NTjvCWzyaAA9FymCcnbJuGAzI_fOEBqUrvelD8BYCkCgzmZhywDq_QHSkTeb:1so6s2:vZ3ztaG8WFRZRc4XpIJBJ8gsq5YNexNopwekIyRplMQ','2024-09-24 19:49:50.563538');
/*!40000 ALTER TABLE `django_session` ENABLE KEYS */;
UNLOCK TABLES;

--
-- Table structure for table `municipios`
--

DROP TABLE IF EXISTS `municipios`;
/*!40101 SET @saved_cs_client     = @@character_set_client */;
/*!50503 SET character_set_client = utf8mb4 */;
CREATE TABLE `municipios` (
  `id` bigint NOT NULL AUTO_INCREMENT,
  `nombre` varchar(50) NOT NULL,
  `departamento_id` bigint NOT NULL,
  PRIMARY KEY (`id`),
  KEY `municipios_departamento_id_93acf47d_fk_departamentos_id` (`departamento_id`),
  CONSTRAINT `municipios_departamento_id_93acf47d_fk_departamentos_id` FOREIGN KEY (`departamento_id`) REFERENCES `departamentos` (`id`)
) ENGINE=InnoDB DEFAULT CHARSET=utf8mb4 COLLATE=utf8mb4_0900_ai_ci;
/*!40101 SET character_set_client = @saved_cs_client */;

--
-- Dumping data for table `municipios`
--

LOCK TABLES `municipios` WRITE;
/*!40000 ALTER TABLE `municipios` DISABLE KEYS */;
/*!40000 ALTER TABLE `municipios` ENABLE KEYS */;
UNLOCK TABLES;

--
-- Table structure for table `normativa`
--

DROP TABLE IF EXISTS `normativa`;
/*!40101 SET @saved_cs_client     = @@character_set_client */;
/*!50503 SET character_set_client = utf8mb4 */;
CREATE TABLE `normativa` (
  `id` bigint NOT NULL AUTO_INCREMENT,
  `decreto` varchar(25) NOT NULL,
  `descripcion` varchar(200) NOT NULL,
  `producto_id` bigint NOT NULL,
  PRIMARY KEY (`id`),
  KEY `Normativa_producto_id_be390836_fk_Producto_id` (`producto_id`),
  CONSTRAINT `Normativa_producto_id_be390836_fk_Producto_id` FOREIGN KEY (`producto_id`) REFERENCES `producto` (`id`)
) ENGINE=InnoDB DEFAULT CHARSET=utf8mb4 COLLATE=utf8mb4_0900_ai_ci;
/*!40101 SET character_set_client = @saved_cs_client */;

--
-- Dumping data for table `normativa`
--

LOCK TABLES `normativa` WRITE;
/*!40000 ALTER TABLE `normativa` DISABLE KEYS */;
/*!40000 ALTER TABLE `normativa` ENABLE KEYS */;
UNLOCK TABLES;

--
-- Table structure for table `producto`
--

DROP TABLE IF EXISTS `producto`;
/*!40101 SET @saved_cs_client     = @@character_set_client */;
/*!50503 SET character_set_client = utf8mb4 */;
CREATE TABLE `producto` (
  `id` bigint NOT NULL AUTO_INCREMENT,
  `nombre` varchar(150) NOT NULL,
  `categoria_id` bigint NOT NULL,
  `tipo_pro_id` bigint NOT NULL,
  PRIMARY KEY (`id`),
  KEY `Producto_categoria_id_d52b184f_fk_Categoria_id` (`categoria_id`),
  KEY `Producto_tipo_pro_id_40386015_fk_Tipo_id` (`tipo_pro_id`),
  CONSTRAINT `Producto_categoria_id_d52b184f_fk_Categoria_id` FOREIGN KEY (`categoria_id`) REFERENCES `categoria` (`id`),
  CONSTRAINT `Producto_tipo_pro_id_40386015_fk_Tipo_id` FOREIGN KEY (`tipo_pro_id`) REFERENCES `tipo` (`id`)
) ENGINE=InnoDB DEFAULT CHARSET=utf8mb4 COLLATE=utf8mb4_0900_ai_ci;
/*!40101 SET character_set_client = @saved_cs_client */;

--
-- Dumping data for table `producto`
--

LOCK TABLES `producto` WRITE;
/*!40000 ALTER TABLE `producto` DISABLE KEYS */;
/*!40000 ALTER TABLE `producto` ENABLE KEYS */;
UNLOCK TABLES;

--
-- Table structure for table `proveedor`
--

DROP TABLE IF EXISTS `proveedor`;
/*!40101 SET @saved_cs_client     = @@character_set_client */;
/*!50503 SET character_set_client = utf8mb4 */;
CREATE TABLE `proveedor` (
  `id` bigint NOT NULL AUTO_INCREMENT,
  `tipo_persona` varchar(2) NOT NULL,
  `nombres` varchar(100) DEFAULT NULL,
  `razon_social` varchar(150) DEFAULT NULL,
  `tipo_documento` varchar(3) NOT NULL,
  `numero_documento` varchar(10) DEFAULT NULL,
  `correo` varchar(50) NOT NULL,
  `telefono` varchar(10) DEFAULT NULL,
  `direccion` varchar(50) DEFAULT NULL,
  `ciudad_id` bigint NOT NULL,
  PRIMARY KEY (`id`),
  KEY `Proveedor_ciudad_id_65bec80c_fk_ubicacion_id` (`ciudad_id`),
  CONSTRAINT `Proveedor_ciudad_id_65bec80c_fk_ubicacion_id` FOREIGN KEY (`ciudad_id`) REFERENCES `ubicacion` (`id`)
) ENGINE=InnoDB DEFAULT CHARSET=utf8mb4 COLLATE=utf8mb4_0900_ai_ci;
/*!40101 SET character_set_client = @saved_cs_client */;

--
-- Dumping data for table `proveedor`
--

LOCK TABLES `proveedor` WRITE;
/*!40000 ALTER TABLE `proveedor` DISABLE KEYS */;
/*!40000 ALTER TABLE `proveedor` ENABLE KEYS */;
UNLOCK TABLES;

--
-- Table structure for table `stock`
--

DROP TABLE IF EXISTS `stock`;
/*!40101 SET @saved_cs_client     = @@character_set_client */;
/*!50503 SET character_set_client = utf8mb4 */;
CREATE TABLE `stock` (
  `id` bigint NOT NULL AUTO_INCREMENT,
  `cantidad` int NOT NULL,
  `precio` int NOT NULL,
  `nombre_pro_id` bigint NOT NULL,
  PRIMARY KEY (`id`),
  UNIQUE KEY `nombre_pro_id` (`nombre_pro_id`),
  CONSTRAINT `Stock_nombre_pro_id_1beafd21_fk_Producto_id` FOREIGN KEY (`nombre_pro_id`) REFERENCES `producto` (`id`)
) ENGINE=InnoDB DEFAULT CHARSET=utf8mb4 COLLATE=utf8mb4_0900_ai_ci;
/*!40101 SET character_set_client = @saved_cs_client */;

--
-- Dumping data for table `stock`
--

LOCK TABLES `stock` WRITE;
/*!40000 ALTER TABLE `stock` DISABLE KEYS */;
/*!40000 ALTER TABLE `stock` ENABLE KEYS */;
UNLOCK TABLES;

--
-- Table structure for table `tipo`
--

DROP TABLE IF EXISTS `tipo`;
/*!40101 SET @saved_cs_client     = @@character_set_client */;
/*!50503 SET character_set_client = utf8mb4 */;
CREATE TABLE `tipo` (
  `id` bigint NOT NULL AUTO_INCREMENT,
  `nombre` varchar(50) NOT NULL,
  `descripcion` varchar(200) DEFAULT NULL,
  PRIMARY KEY (`id`),
  UNIQUE KEY `nombre` (`nombre`)
) ENGINE=InnoDB DEFAULT CHARSET=utf8mb4 COLLATE=utf8mb4_0900_ai_ci;
/*!40101 SET character_set_client = @saved_cs_client */;

--
-- Dumping data for table `tipo`
--

LOCK TABLES `tipo` WRITE;
/*!40000 ALTER TABLE `tipo` DISABLE KEYS */;
/*!40000 ALTER TABLE `tipo` ENABLE KEYS */;
UNLOCK TABLES;

--
-- Table structure for table `ubicacion`
--

DROP TABLE IF EXISTS `ubicacion`;
/*!40101 SET @saved_cs_client     = @@character_set_client */;
/*!50503 SET character_set_client = utf8mb4 */;
CREATE TABLE `ubicacion` (
  `id` bigint NOT NULL AUTO_INCREMENT,
  `departamento_id` bigint NOT NULL,
  `municipio_id` bigint DEFAULT NULL,
  PRIMARY KEY (`id`),
  KEY `ubicacion_departamento_id_be50b0a6_fk_departamentos_id` (`departamento_id`),
  KEY `ubicacion_municipio_id_09d5e5ab_fk_municipios_id` (`municipio_id`),
  CONSTRAINT `ubicacion_departamento_id_be50b0a6_fk_departamentos_id` FOREIGN KEY (`departamento_id`) REFERENCES `departamentos` (`id`),
  CONSTRAINT `ubicacion_municipio_id_09d5e5ab_fk_municipios_id` FOREIGN KEY (`municipio_id`) REFERENCES `municipios` (`id`)
) ENGINE=InnoDB DEFAULT CHARSET=utf8mb4 COLLATE=utf8mb4_0900_ai_ci;
/*!40101 SET character_set_client = @saved_cs_client */;

--
-- Dumping data for table `ubicacion`
--

LOCK TABLES `ubicacion` WRITE;
/*!40000 ALTER TABLE `ubicacion` DISABLE KEYS */;
/*!40000 ALTER TABLE `ubicacion` ENABLE KEYS */;
UNLOCK TABLES;

--
-- Table structure for table `usuario`
--

DROP TABLE IF EXISTS `usuario`;
/*!40101 SET @saved_cs_client     = @@character_set_client */;
/*!50503 SET character_set_client = utf8mb4 */;
CREATE TABLE `usuario` (
  `id` bigint NOT NULL AUTO_INCREMENT,
  `rol` varchar(1) NOT NULL,
  `nombres` varchar(100) NOT NULL,
  `tipo_documento` varchar(3) NOT NULL,
  `numero_documento` varchar(10) DEFAULT NULL,
  `correo` varchar(50) NOT NULL,
  `telefono` varchar(10) DEFAULT NULL,
  `usuario` varchar(20) NOT NULL,
  `password` varchar(20) NOT NULL,
  `user_id` int NOT NULL,
  PRIMARY KEY (`id`),
  UNIQUE KEY `usuario` (`usuario`),
  UNIQUE KEY `user_id` (`user_id`),
  CONSTRAINT `usuario_user_id_727981f6_fk_auth_user_id` FOREIGN KEY (`user_id`) REFERENCES `auth_user` (`id`)
) ENGINE=InnoDB AUTO_INCREMENT=3 DEFAULT CHARSET=utf8mb4 COLLATE=utf8mb4_0900_ai_ci;
/*!40101 SET character_set_client = @saved_cs_client */;

--
-- Dumping data for table `usuario`
--

LOCK TABLES `usuario` WRITE;
/*!40000 ALTER TABLE `usuario` DISABLE KEYS */;
INSERT INTO `usuario` VALUES (2,'1','Ruben Martinez','CC','1116552386','dario564@hotmail.es','3176709994','Rudama','Adso26',2);
/*!40000 ALTER TABLE `usuario` ENABLE KEYS */;
UNLOCK TABLES;

--
-- Table structure for table `venta`
--

DROP TABLE IF EXISTS `venta`;
/*!40101 SET @saved_cs_client     = @@character_set_client */;
/*!50503 SET character_set_client = utf8mb4 */;
CREATE TABLE `venta` (
  `num_factura` varchar(10) NOT NULL,
  `subtotal` decimal(9,2) NOT NULL,
  `impuestos` decimal(9,2) NOT NULL,
  `total` decimal(9,2) NOT NULL,
  `fecha_emision` datetime(6) NOT NULL,
  `cliente_id` bigint NOT NULL,
  `producto_id` bigint NOT NULL,
  PRIMARY KEY (`num_factura`),
  KEY `Venta_cliente_id_a2b0be2d_fk_Cliente_id` (`cliente_id`),
  KEY `Venta_producto_id_401c2051_fk_Producto_id` (`producto_id`),
  CONSTRAINT `Venta_cliente_id_a2b0be2d_fk_Cliente_id` FOREIGN KEY (`cliente_id`) REFERENCES `cliente` (`id`),
  CONSTRAINT `Venta_producto_id_401c2051_fk_Producto_id` FOREIGN KEY (`producto_id`) REFERENCES `producto` (`id`)
) ENGINE=InnoDB DEFAULT CHARSET=utf8mb4 COLLATE=utf8mb4_0900_ai_ci;
/*!40101 SET character_set_client = @saved_cs_client */;

--
-- Dumping data for table `venta`
--

LOCK TABLES `venta` WRITE;
/*!40000 ALTER TABLE `venta` DISABLE KEYS */;
/*!40000 ALTER TABLE `venta` ENABLE KEYS */;
UNLOCK TABLES;
/*!40103 SET TIME_ZONE=@OLD_TIME_ZONE */;

/*!40101 SET SQL_MODE=@OLD_SQL_MODE */;
/*!40014 SET FOREIGN_KEY_CHECKS=@OLD_FOREIGN_KEY_CHECKS */;
/*!40014 SET UNIQUE_CHECKS=@OLD_UNIQUE_CHECKS */;
/*!40101 SET CHARACTER_SET_CLIENT=@OLD_CHARACTER_SET_CLIENT */;
/*!40101 SET CHARACTER_SET_RESULTS=@OLD_CHARACTER_SET_RESULTS */;
/*!40101 SET COLLATION_CONNECTION=@OLD_COLLATION_CONNECTION */;
/*!40111 SET SQL_NOTES=@OLD_SQL_NOTES */;

-- Dump completed on 2024-09-10 14:53:27
